email,imageUrl
williamharris@yopmail.com,
miawalker@yopmail.com,
doms@yopmail.com,
pikmeuser1@yopmail.com,
pikmeuser2@yopmail.com,
ethan.robinson@yopmail.com,
ava.turner@yopmail.com,
benjaminyoung@yopmail.com,
lucasallen@yopmail.com,
charlottehall@yopmail.com,
mason.scott@yopmail.com,
pikmeuser3@yopmail.com,
pikmeuser4@yopmail.com,
pikmeuser5@yopmail.com,
pikmeuser6@yopmail.com,
pikmeuser7@yopmail.com,
pikmeuser8@yopmail.com,
harpergreen@yopmail.com,
james.anderson@yopmail.com,
ameliawright@yopmail.com,
olivia.hughes@yopmail.com,
isabella.white@yopmail.com,
sophia.mitchell@yopmail.com,
elijahking@yopmail.com,
liam.clark@yopmail.com,
noah.hill@yopmail.com,
emma.bennett@yopmail.com,
AdamJohn@yopmail.com,